pattern_name,station_id,candidate_pool_line_number,date,raw_row,tmp_value,vis_value,wnd_value,aa1_value,reason
tmp_missing_sentinel,63250099999,3,1978-07-01T09:00:00,"+9999,9|020000,1,N,9|240,1,N,0062,1||1978-07-01T09:00:00","+9999,9","020000,1,N,9","240,1,N,0062,1",,TMP numeric part is +9999 (documented missing sentinel)
tmp_missing_sentinel,72547299999,344,1997-02-25T04:53:00,"+9999,9|016093,1,N,1|170,1,N,0021,1||1997-02-25T04:53:00","+9999,9","016093,1,N,1","170,1,N,0021,1",,TMP numeric part is +9999 (documented missing sentinel)
tmp_missing_sentinel,63250099999,15,1978-07-09T06:00:00,"+9999,9|020000,1,N,9|220,1,N,0051,1||1978-07-09T06:00:00","+9999,9","020000,1,N,9","220,1,N,0051,1",,TMP numeric part is +9999 (documented missing sentinel)
tmp_missing_sentinel,72547299999,345,1997-02-25T05:53:00,"+9999,9|016093,1,N,1|190,1,N,0031,1||1997-02-25T05:53:00","+9999,9","016093,1,N,1","190,1,N,0031,1",,TMP numeric part is +9999 (documented missing sentinel)
tmp_missing_sentinel,63250099999,20,1978-07-13T06:00:00,"+9999,9|025000,1,N,9|140,1,N,0031,1||1978-07-13T06:00:00","+9999,9","025000,1,N,9","140,1,N,0031,1",,TMP numeric part is +9999 (documented missing sentinel)
tmp_missing_sentinel,72547299999,346,1997-02-25T06:53:00,"+9999,9|016093,1,N,1|210,1,N,0031,1||1997-02-25T06:53:00","+9999,9","016093,1,N,1","210,1,N,0031,1",,TMP numeric part is +9999 (documented missing sentinel)
tmp_missing_sentinel,63250099999,29,1978-07-22T03:00:00,"+9999,9|010000,1,N,9|999,1,C,0000,1||1978-07-22T03:00:00","+9999,9","010000,1,N,9","999,1,C,0000,1",,TMP numeric part is +9999 (documented missing sentinel)
tmp_missing_sentinel,72547299999,347,1997-02-25T07:53:00,"+9999,9|016093,1,N,1|210,1,N,0046,1||1997-02-25T07:53:00","+9999,9","016093,1,N,1","210,1,N,0046,1",,TMP numeric part is +9999 (documented missing sentinel)
tmp_missing_sentinel,63250099999,46,1978-08-09T06:00:00,"+9999,9|030000,1,N,9|180,1,N,0062,1||1978-08-09T06:00:00","+9999,9","030000,1,N,9","180,1,N,0062,1",,TMP numeric part is +9999 (documented missing sentinel)
tmp_missing_sentinel,72547299999,348,1997-02-25T08:53:00,"+9999,9|016093,1,N,1|210,1,N,0046,1||1997-02-25T08:53:00","+9999,9","016093,1,N,1","210,1,N,0046,1",,TMP numeric part is +9999 (documented missing sentinel)
tmp_missing_sentinel,63250099999,68,1978-08-21T06:00:00,"+9999,9|030000,1,N,9|180,1,N,0051,1||1978-08-21T06:00:00","+9999,9","030000,1,N,9","180,1,N,0051,1",,TMP numeric part is +9999 (documented missing sentinel)
tmp_missing_sentinel,72547299999,349,1997-02-25T09:53:00,"+9999,9|016093,1,N,1|210,1,N,0031,1||1997-02-25T09:53:00","+9999,9","016093,1,N,1","210,1,N,0031,1",,TMP numeric part is +9999 (documented missing sentinel)
tmp_missing_sentinel,63250099999,100,1978-09-12T03:00:00,"+9999,9|010000,1,N,9|140,1,N,0051,1||1978-09-12T03:00:00","+9999,9","010000,1,N,9","140,1,N,0051,1",,TMP numeric part is +9999 (documented missing sentinel)
tmp_missing_sentinel,72547299999,350,1997-02-25T10:53:00,"+9999,9|016093,1,N,1|200,1,N,0031,1||1997-02-25T10:53:00","+9999,9","016093,1,N,1","200,1,N,0031,1",,TMP numeric part is +9999 (documented missing sentinel)
tmp_missing_sentinel,63250099999,160,1978-11-01T03:00:00,"+9999,9|010000,1,N,9|999,1,C,0000,1||1978-11-01T03:00:00","+9999,9","010000,1,N,9","999,1,C,0000,1",,TMP numeric part is +9999 (documented missing sentinel)
tmp_missing_sentinel,72547299999,351,1997-02-25T11:53:00,"+9999,9|016093,1,N,1|210,1,N,0021,1||1997-02-25T11:53:00","+9999,9","016093,1,N,1","210,1,N,0021,1",,TMP numeric part is +9999 (documented missing sentinel)
tmp_missing_sentinel,63250099999,170,1978-11-06T12:00:00,"+9999,9|030000,1,N,9|150,1,N,0041,1||1978-11-06T12:00:00","+9999,9","030000,1,N,9","150,1,N,0041,1",,TMP numeric part is +9999 (documented missing sentinel)
tmp_missing_sentinel,72547299999,352,1997-02-25T12:53:00,"+9999,9|014484,1,N,1|200,1,N,0041,1||1997-02-25T12:53:00","+9999,9","014484,1,N,1","200,1,N,0041,1",,TMP numeric part is +9999 (documented missing sentinel)
tmp_missing_sentinel,63250099999,195,1978-11-18T06:00:00,"+9999,9|040000,1,N,9|160,1,N,0051,1||1978-11-18T06:00:00","+9999,9","040000,1,N,9","160,1,N,0051,1",,TMP numeric part is +9999 (documented missing sentinel)
tmp_missing_sentinel,72547299999,353,1997-02-25T13:53:00,"+9999,9|014484,1,N,1|220,1,N,0057,1||1997-02-25T13:53:00","+9999,9","014484,1,N,1","220,1,N,0057,1",,TMP numeric part is +9999 (documented missing sentinel)
tmp_missing_sentinel,63250099999,204,1978-11-24T09:00:00,"+9999,9|030000,1,N,9|150,1,N,0072,1||1978-11-24T09:00:00","+9999,9","030000,1,N,9","150,1,N,0072,1",,TMP numeric part is +9999 (documented missing sentinel)
tmp_missing_sentinel,72547299999,354,1997-02-25T14:53:00,"+9999,9|016093,1,N,1|220,1,N,0067,1||1997-02-25T14:53:00","+9999,9","016093,1,N,1","220,1,N,0067,1",,TMP numeric part is +9999 (documented missing sentinel)
tmp_missing_sentinel,63250099999,248,1978-12-20T15:00:00,"+9999,9|030000,1,N,9|080,1,N,0062,1|99,0000,9,1|1978-12-20T15:00:00","+9999,9","030000,1,N,9","080,1,N,0062,1","99,0000,9,1",TMP numeric part is +9999 (documented missing sentinel)
tmp_missing_sentinel,72547299999,2358,1997-06-11T13:53:00,"+9999,9|999999,9,N,9|999,9,9,9999,9||1997-06-11T13:53:00","+9999,9","999999,9,N,9","999,9,9,9999,9",,TMP numeric part is +9999 (documented missing sentinel)
tmp_missing_sentinel,63250099999,269,1978-12-30T15:00:00,"+9999,9|035000,1,N,9|050,1,N,0031,1|99,0000,9,1|1978-12-30T15:00:00","+9999,9","035000,1,N,9","050,1,N,0031,1","99,0000,9,1",TMP numeric part is +9999 (documented missing sentinel)
vis_missing_sentinel,63250099999,58,1978-08-18T06:00:00,"+0280,1|999999,9,N,9|160,1,N,0041,1||1978-08-18T06:00:00","+0280,1","999999,9,N,9","160,1,N,0041,1",,VIS distance is 999999 (missing sentinel)
vis_missing_sentinel,72547299999,2358,1997-06-11T13:53:00,"+9999,9|999999,9,N,9|999,9,9,9999,9||1997-06-11T13:53:00","+9999,9","999999,9,N,9","999,9,9,9999,9",,VIS distance is 999999 (missing sentinel)
vis_missing_sentinel,72214904899,90,2006-01-02T05:59:00,"+9999,9|999999,9,9,9|999,9,9,9999,9||2006-01-02T05:59:00","+9999,9","999999,9,9,9","999,9,9,9999,9",,VIS distance is 999999 (missing sentinel)
vis_missing_sentinel,63250099999,79,1978-08-27T12:00:00,"+0300,1|999999,9,N,9|190,1,N,0072,1||1978-08-27T12:00:00","+0300,1","999999,9,N,9","190,1,N,0072,1",,VIS distance is 999999 (missing sentinel)
vis_missing_sentinel,72547299999,2359,1997-06-11T14:53:00,"+9999,9|999999,9,N,9|999,9,9,9999,9||1997-06-11T14:53:00","+9999,9","999999,9,N,9","999,9,9,9999,9",,VIS distance is 999999 (missing sentinel)
vis_missing_sentinel,72214904899,161,2006-01-03T05:59:00,"+9999,9|999999,9,9,9|999,9,9,9999,9||2006-01-03T05:59:00","+9999,9","999999,9,9,9","999,9,9,9999,9",,VIS distance is 999999 (missing sentinel)
vis_missing_sentinel,63250099999,164,1978-11-04T03:00:00,"+0250,1|999999,9,N,9|999,1,C,0000,1||1978-11-04T03:00:00","+0250,1","999999,9,N,9","999,1,C,0000,1",,VIS distance is 999999 (missing sentinel)
vis_missing_sentinel,72547299999,2360,1997-06-11T15:53:00,"+9999,9|999999,9,N,9|999,9,9,9999,9||1997-06-11T15:53:00","+9999,9","999999,9,N,9","999,9,9,9999,9",,VIS distance is 999999 (missing sentinel)
vis_missing_sentinel,72214904899,232,2006-01-04T05:59:00,"+9999,9|999999,9,9,9|999,9,9,9999,9||2006-01-04T05:59:00","+9999,9","999999,9,9,9","999,9,9,9999,9",,VIS distance is 999999 (missing sentinel)
vis_missing_sentinel,63250099999,239,1978-12-11T15:00:00,"+0290,1|999999,9,N,9|090,1,N,0051,1|99,0000,9,1|1978-12-11T15:00:00","+0290,1","999999,9,N,9","090,1,N,0051,1","99,0000,9,1",VIS distance is 999999 (missing sentinel)
vis_missing_sentinel,72547299999,2411,1997-06-14T00:53:00,"+0250,1|999999,9,N,9|999,9,9,9999,9||1997-06-14T00:53:00","+0250,1","999999,9,N,9","999,9,9,9999,9",,VIS distance is 999999 (missing sentinel)
vis_missing_sentinel,72214904899,305,2006-01-05T05:59:00,"+9999,9|999999,9,9,9|999,9,9,9999,9||2006-01-05T05:59:00","+9999,9","999999,9,9,9","999,9,9,9999,9",,VIS distance is 999999 (missing sentinel)
vis_missing_sentinel,63250099999,476,1979-06-12T06:00:00,"+9999,9|999999,9,N,9|999,1,C,0000,1||1979-06-12T06:00:00","+9999,9","999999,9,N,9","999,1,C,0000,1",,VIS distance is 999999 (missing sentinel)
vis_missing_sentinel,72547299999,7925,1998-02-17T15:53:00,"+0040,1|999999,9,N,9|999,9,9,9999,9||1998-02-17T15:53:00","+0040,1","999999,9,N,9","999,9,9,9999,9",,VIS distance is 999999 (missing sentinel)
vis_missing_sentinel,72214904899,520,2006-01-08T05:59:00,"+9999,9|999999,9,9,9|999,9,9,9999,9||2006-01-08T05:59:00","+9999,9","999999,9,9,9","999,9,9,9999,9",,VIS distance is 999999 (missing sentinel)
vis_missing_sentinel,63250099999,858,1980-04-03T03:00:00,"+0270,1|999999,9,N,9|999,1,C,0000,1|99,0000,9,1|1980-04-03T03:00:00","+0270,1","999999,9,N,9","999,1,C,0000,1","99,0000,9,1",VIS distance is 999999 (missing sentinel)
vis_missing_sentinel,72547299999,9451,1998-04-22T17:53:00,"+0180,1|999999,9,N,9|999,9,9,9999,9|06,0000,9,1|1998-04-22T17:53:00","+0180,1","999999,9,N,9","999,9,9,9999,9","06,0000,9,1",VIS distance is 999999 (missing sentinel)
vis_missing_sentinel,72214904899,593,2006-01-09T05:59:00,"+9999,9|999999,9,9,9|999,9,9,9999,9||2006-01-09T05:59:00","+9999,9","999999,9,9,9","999,9,9,9999,9",,VIS distance is 999999 (missing sentinel)
vis_missing_sentinel,63250099999,1207,1981-04-27T06:00:00,"+0270,1|999999,9,N,9|999,1,C,0000,1||1981-04-27T06:00:00","+0270,1","999999,9,N,9","999,1,C,0000,1",,VIS distance is 999999 (missing sentinel)
vis_missing_sentinel,72547299999,9452,1998-04-22T18:53:00,"+0180,1|999999,9,N,9|999,9,9,9999,9||1998-04-22T18:53:00","+0180,1","999999,9,N,9","999,9,9,9999,9",,VIS distance is 999999 (missing sentinel)
vis_missing_sentinel,72214904899,666,2006-01-10T05:59:00,"+9999,9|999999,9,9,9|999,9,9,9999,9||2006-01-10T05:59:00","+9999,9","999999,9,9,9","999,9,9,9999,9",,VIS distance is 999999 (missing sentinel)
vis_missing_sentinel,63250099999,1247,1981-05-17T12:00:00,"+0320,1|999999,9,N,9|180,1,N,0051,1||1981-05-17T12:00:00","+0320,1","999999,9,N,9","180,1,N,0051,1",,VIS distance is 999999 (missing sentinel)
vis_missing_sentinel,72547299999,9475,1998-04-23T17:53:00,"+0210,1|999999,9,N,9|280,1,N,0041,1|06,0000,9,1|1998-04-23T17:53:00","+0210,1","999999,9,N,9","280,1,N,0041,1","06,0000,9,1",VIS distance is 999999 (missing sentinel)
vis_missing_sentinel,72214904899,733,2006-01-11T05:59:00,"+9999,9|999999,9,9,9|999,9,9,9999,9||2006-01-11T05:59:00","+9999,9","999999,9,9,9","999,9,9,9999,9",,VIS distance is 999999 (missing sentinel)
vis_missing_sentinel,63250099999,1249,1981-05-18T09:00:00,"+0300,1|999999,9,N,9|180,1,N,0061,1||1981-05-18T09:00:00","+0300,1","999999,9,N,9","180,1,N,0061,1",,VIS distance is 999999 (missing sentinel)
wnd_missing_dir_valid_spd,63250099999,29,1978-07-22T03:00:00,"+9999,9|010000,1,N,9|999,1,C,0000,1||1978-07-22T03:00:00","+9999,9","010000,1,N,9","999,1,C,0000,1",,WND direction 999 (missing/unknown) but speed 0000 is valid
wnd_missing_dir_valid_spd,72547299999,9,1997-02-01T11:40:00,"+0000,1|000805,1,N,1|999,1,C,0000,1|06,0000,9,1|1997-02-01T11:40:00","+0000,1","000805,1,N,1","999,1,C,0000,1","06,0000,9,1",WND direction 999 (missing/unknown) but speed 0000 is valid
wnd_missing_dir_valid_spd,63250099999,43,1978-08-08T03:00:00,"+0260,1|010000,1,N,9|999,1,C,0000,1||1978-08-08T03:00:00","+0260,1","010000,1,N,9","999,1,C,0000,1",,WND direction 999 (missing/unknown) but speed 0000 is valid
wnd_missing_dir_valid_spd,72547299999,64,1997-02-12T20:53:00,"-0130,1|016093,1,N,1|999,1,C,0000,1||1997-02-12T20:53:00","-0130,1","016093,1,N,1","999,1,C,0000,1",,WND direction 999 (missing/unknown) but speed 0000 is valid
wnd_missing_dir_valid_spd,63250099999,47,1978-08-10T03:00:00,"+0000,1|010000,1,N,9|999,1,C,0000,1||1978-08-10T03:00:00","+0000,1","010000,1,N,9","999,1,C,0000,1",,WND direction 999 (missing/unknown) but speed 0000 is valid
wnd_missing_dir_valid_spd,72547299999,66,1997-02-12T22:53:00,"-0130,1|016093,1,N,1|999,1,C,0000,1||1997-02-12T22:53:00","-0130,1","016093,1,N,1","999,1,C,0000,1",,WND direction 999 (missing/unknown) but speed 0000 is valid
wnd_missing_dir_valid_spd,63250099999,52,1978-08-13T03:00:00,"+0260,1|010000,1,N,9|999,1,C,0000,1|99,0000,9,1|1978-08-13T03:00:00","+0260,1","010000,1,N,9","999,1,C,0000,1","99,0000,9,1",WND direction 999 (missing/unknown) but speed 0000 is valid
wnd_missing_dir_valid_spd,72547299999,69,1997-02-13T01:53:00,"-0190,1|016093,1,N,1|999,1,C,0000,1||1997-02-13T01:53:00","-0190,1","016093,1,N,1","999,1,C,0000,1",,WND direction 999 (missing/unknown) but speed 0000 is valid
wnd_missing_dir_valid_spd,63250099999,56,1978-08-16T03:00:00,"+0260,1|010000,1,N,9|999,1,C,0000,1||1978-08-16T03:00:00","+0260,1","010000,1,N,9","999,1,C,0000,1",,WND direction 999 (missing/unknown) but speed 0000 is valid
wnd_missing_dir_valid_spd,72547299999,70,1997-02-13T02:53:00,"-0180,1|016093,1,N,1|999,1,C,0000,1||1997-02-13T02:53:00","-0180,1","016093,1,N,1","999,1,C,0000,1",,WND direction 999 (missing/unknown) but speed 0000 is valid
wnd_missing_dir_valid_spd,63250099999,61,1978-08-19T03:00:00,"+0260,1|010000,1,N,9|999,1,C,0000,1|99,0000,9,1|1978-08-19T03:00:00","+0260,1","010000,1,N,9","999,1,C,0000,1","99,0000,9,1",WND direction 999 (missing/unknown) but speed 0000 is valid
wnd_missing_dir_valid_spd,72547299999,71,1997-02-13T03:53:00,"-0200,1|011265,1,N,1|999,1,C,0000,1||1997-02-13T03:53:00","-0200,1","011265,1,N,1","999,1,C,0000,1",,WND direction 999 (missing/unknown) but speed 0000 is valid
wnd_missing_dir_valid_spd,63250099999,63,1978-08-20T03:00:00,"+0260,1|010000,1,N,9|999,1,C,0000,1|99,0000,9,1|1978-08-20T03:00:00","+0260,1","010000,1,N,9","999,1,C,0000,1","99,0000,9,1",WND direction 999 (missing/unknown) but speed 0000 is valid
wnd_missing_dir_valid_spd,72547299999,73,1997-02-13T05:53:00,"-0210,1|011265,1,N,1|999,1,C,0000,1|06,0000,9,1|1997-02-13T05:53:00","-0210,1","011265,1,N,1","999,1,C,0000,1","06,0000,9,1",WND direction 999 (missing/unknown) but speed 0000 is valid
wnd_missing_dir_valid_spd,63250099999,70,1978-08-23T03:00:00,"+0260,1|010000,1,N,9|999,1,C,0000,1||1978-08-23T03:00:00","+0260,1","010000,1,N,9","999,1,C,0000,1",,WND direction 999 (missing/unknown) but speed 0000 is valid
wnd_missing_dir_valid_spd,72547299999,74,1997-02-13T06:53:00,"-0210,1|011265,1,N,1|999,1,C,0000,1||1997-02-13T06:53:00","-0210,1","011265,1,N,1","999,1,C,0000,1",,WND direction 999 (missing/unknown) but speed 0000 is valid
wnd_missing_dir_valid_spd,63250099999,77,1978-08-27T03:00:00,"+0260,1|010000,1,N,9|999,1,C,0000,1||1978-08-27T03:00:00","+0260,1","010000,1,N,9","999,1,C,0000,1",,WND direction 999 (missing/unknown) but speed 0000 is valid
wnd_missing_dir_valid_spd,72547299999,75,1997-02-13T07:53:00,"-0210,1|012874,1,N,1|999,1,C,0000,1||1997-02-13T07:53:00","-0210,1","012874,1,N,1","999,1,C,0000,1",,WND direction 999 (missing/unknown) but speed 0000 is valid
wnd_missing_dir_valid_spd,63250099999,86,1978-09-05T00:00:00,"+0260,1|010000,1,N,9|999,1,C,0000,1||1978-09-05T00:00:00","+0260,1","010000,1,N,9","999,1,C,0000,1",,WND direction 999 (missing/unknown) but speed 0000 is valid
wnd_missing_dir_valid_spd,72547299999,76,1997-02-13T08:53:00,"-0220,1|011265,1,N,1|999,1,C,0000,1||1997-02-13T08:53:00","-0220,1","011265,1,N,1","999,1,C,0000,1",,WND direction 999 (missing/unknown) but speed 0000 is valid
wnd_missing_dir_valid_spd,63250099999,87,1978-09-05T03:00:00,"+0260,1|010000,1,N,9|999,1,C,0000,1||1978-09-05T03:00:00","+0260,1","010000,1,N,9","999,1,C,0000,1",,WND direction 999 (missing/unknown) but speed 0000 is valid
wnd_missing_dir_valid_spd,72547299999,78,1997-02-13T10:53:00,"-0190,1|008046,1,N,1|999,1,C,0000,1||1997-02-13T10:53:00","-0190,1","008046,1,N,1","999,1,C,0000,1",,WND direction 999 (missing/unknown) but speed 0000 is valid
wnd_missing_dir_valid_spd,63250099999,88,1978-09-05T06:00:00,"+0270,1|010000,1,N,9|999,1,C,0000,1||1978-09-05T06:00:00","+0270,1","010000,1,N,9","999,1,C,0000,1",,WND direction 999 (missing/unknown) but speed 0000 is valid
wnd_missing_dir_valid_spd,72547299999,80,1997-02-13T12:53:00,"-0180,1|008046,1,N,1|999,1,C,0000,1||1997-02-13T12:53:00","-0180,1","008046,1,N,1","999,1,C,0000,1",,WND direction 999 (missing/unknown) but speed 0000 is valid
wnd_missing_dir_valid_spd,63250099999,91,1978-09-06T03:00:00,"+0260,1|010000,1,N,9|999,1,C,0000,1||1978-09-06T03:00:00","+0260,1","010000,1,N,9","999,1,C,0000,1",,WND direction 999 (missing/unknown) but speed 0000 is valid
wnd_fully_missing,63250099999,9,1978-07-05T12:00:00,"+0290,1|020000,1,N,9|999,9,9,9999,9||1978-07-05T12:00:00","+0290,1","020000,1,N,9","999,9,9,9999,9",,WND direction 999 AND speed 9999 — fully missing wind observation
wnd_fully_missing,72547299999,2358,1997-06-11T13:53:00,"+9999,9|999999,9,N,9|999,9,9,9999,9||1997-06-11T13:53:00","+9999,9","999999,9,N,9","999,9,9,9999,9",,WND direction 999 AND speed 9999 — fully missing wind observation
wnd_fully_missing,63250099999,23,1978-07-14T12:00:00,"+0280,1|025000,1,N,9|999,9,9,9999,9||1978-07-14T12:00:00","+0280,1","025000,1,N,9","999,9,9,9999,9",,WND direction 999 AND speed 9999 — fully missing wind observation
wnd_fully_missing,72547299999,2359,1997-06-11T14:53:00,"+9999,9|999999,9,N,9|999,9,9,9999,9||1997-06-11T14:53:00","+9999,9","999999,9,N,9","999,9,9,9999,9",,WND direction 999 AND speed 9999 — fully missing wind observation
wnd_fully_missing,63250099999,37,1978-07-30T06:00:00,"+0270,1|025000,1,N,9|999,9,9,9999,9||1978-07-30T06:00:00","+0270,1","025000,1,N,9","999,9,9,9999,9",,WND direction 999 AND speed 9999 — fully missing wind observation
wnd_fully_missing,72547299999,2360,1997-06-11T15:53:00,"+9999,9|999999,9,N,9|999,9,9,9999,9||1997-06-11T15:53:00","+9999,9","999999,9,N,9","999,9,9,9999,9",,WND direction 999 AND speed 9999 — fully missing wind observation
wnd_fully_missing,63250099999,50,1978-08-12T09:00:00,"+0300,1|030000,1,N,9|999,9,9,9999,9||1978-08-12T09:00:00","+0300,1","030000,1,N,9","999,9,9,9999,9",,WND direction 999 AND speed 9999 — fully missing wind observation
wnd_fully_missing,72547299999,2411,1997-06-14T00:53:00,"+0250,1|999999,9,N,9|999,9,9,9999,9||1997-06-14T00:53:00","+0250,1","999999,9,N,9","999,9,9,9999,9",,WND direction 999 AND speed 9999 — fully missing wind observation
wnd_fully_missing,63250099999,85,1978-09-02T06:00:00,"+0280,1|030000,1,N,9|999,9,9,9999,9||1978-09-02T06:00:00","+0280,1","030000,1,N,9","999,9,9,9999,9",,WND direction 999 AND speed 9999 — fully missing wind observation
wnd_fully_missing,72547299999,7925,1998-02-17T15:53:00,"+0040,1|999999,9,N,9|999,9,9,9999,9||1998-02-17T15:53:00","+0040,1","999999,9,N,9","999,9,9,9999,9",,WND direction 999 AND speed 9999 — fully missing wind observation
wnd_fully_missing,63250099999,106,1978-09-15T15:00:00,"+0300,1|030000,1,N,9|999,9,9,9999,9||1978-09-15T15:00:00","+0300,1","030000,1,N,9","999,9,9,9999,9",,WND direction 999 AND speed 9999 — fully missing wind observation
wnd_fully_missing,72547299999,9451,1998-04-22T17:53:00,"+0180,1|999999,9,N,9|999,9,9,9999,9|06,0000,9,1|1998-04-22T17:53:00","+0180,1","999999,9,N,9","999,9,9,9999,9","06,0000,9,1",WND direction 999 AND speed 9999 — fully missing wind observation
wnd_fully_missing,63250099999,118,1978-09-26T03:00:00,"+0250,1|015000,1,N,9|999,9,9,9999,9||1978-09-26T03:00:00","+0250,1","015000,1,N,9","999,9,9,9999,9",,WND direction 999 AND speed 9999 — fully missing wind observation
wnd_fully_missing,72547299999,9452,1998-04-22T18:53:00,"+0180,1|999999,9,N,9|999,9,9,9999,9||1998-04-22T18:53:00","+0180,1","999999,9,N,9","999,9,9,9999,9",,WND direction 999 AND speed 9999 — fully missing wind observation
wnd_fully_missing,63250099999,138,1978-10-17T06:00:00,"+0260,1|030000,1,N,9|999,9,9,9999,9||1978-10-17T06:00:00","+0260,1","030000,1,N,9","999,9,9,9999,9",,WND direction 999 AND speed 9999 — fully missing wind observation
wnd_fully_missing,72547299999,10662,1998-06-12T17:53:00,"+9999,9|999999,9,N,9|999,9,9,9999,9||1998-06-12T17:53:00","+9999,9","999999,9,N,9","999,9,9,9999,9",,WND direction 999 AND speed 9999 — fully missing wind observation
wnd_fully_missing,63250099999,157,1978-10-28T15:00:00,"+0280,1|030000,1,N,9|999,9,9,9999,9||1978-10-28T15:00:00","+0280,1","030000,1,N,9","999,9,9,9999,9",,WND direction 999 AND speed 9999 — fully missing wind observation
wnd_fully_missing,72547299999,12889,1998-09-15T19:53:00,"+9999,9|999999,9,N,9|999,9,9,9999,9||1998-09-15T19:53:00","+9999,9","999999,9,N,9","999,9,9,9999,9",,WND direction 999 AND speed 9999 — fully missing wind observation
wnd_fully_missing,63250099999,202,1978-11-23T09:00:00,"+0300,1|030000,1,N,9|999,9,9,9999,9||1978-11-23T09:00:00","+0300,1","030000,1,N,9","999,9,9,9999,9",,WND direction 999 AND speed 9999 — fully missing wind observation
wnd_fully_missing,72547299999,16365,1999-02-11T20:36:00,"+9999,9|999999,9,N,1|999,9,9,9999,9||1999-02-11T20:36:00","+9999,9","999999,9,N,1","999,9,9,9999,9",,WND direction 999 AND speed 9999 — fully missing wind observation
wnd_fully_missing,63250099999,270,1978-12-31T06:00:00,"+0280,1|030000,1,N,9|999,9,9,9999,9||1978-12-31T06:00:00","+0280,1","030000,1,N,9","999,9,9,9999,9",,WND direction 999 AND speed 9999 — fully missing wind observation
wnd_fully_missing,72547299999,21735,1999-09-27T20:53:00,"+9999,9|999999,9,N,1|999,9,9,9999,9||1999-09-27T20:53:00","+9999,9","999999,9,N,1","999,9,9,9999,9",,WND direction 999 AND speed 9999 — fully missing wind observation
wnd_fully_missing,63250099999,278,1979-01-16T09:00:00,"+0310,1|035000,1,N,9|999,9,9,9999,9||1979-01-16T09:00:00","+0310,1","035000,1,N,9","999,9,9,9999,9",,WND direction 999 AND speed 9999 — fully missing wind observation
wnd_fully_missing,72547299999,21736,1999-09-27T21:53:00,"+9999,9|999999,9,N,1|999,9,9,9999,9||1999-09-27T21:53:00","+9999,9","999999,9,N,1","999,9,9,9999,9",,WND direction 999 AND speed 9999 — fully missing wind observation
wnd_fully_missing,63250099999,339,1979-02-25T06:00:00,"+0300,1|030000,1,N,9|999,9,9,9999,9||1979-02-25T06:00:00","+0300,1","030000,1,N,9","999,9,9,9999,9",,WND direction 999 AND speed 9999 — fully missing wind observation
aa1_valid_precip,63250099999,1975,1982-02-09T03:00:00,"+0270,1|020000,1,N,9|060,1,N,0050,1|06,0000,9,1|1982-02-09T03:00:00","+0270,1","020000,1,N,9","060,1,N,0050,1","06,0000,9,1",AA1 has valid period=06h amount=0000×0.1mm
aa1_valid_precip,63250099999,1976,1982-02-09T06:00:00,"+0296,1|030000,1,N,9|090,1,N,0060,1|06,0000,9,1|1982-02-09T06:00:00","+0296,1","030000,1,N,9","090,1,N,0060,1","06,0000,9,1",AA1 has valid period=06h amount=0000×0.1mm
aa1_valid_precip,63250099999,1977,1982-02-09T09:00:00,"+0346,1|030000,1,N,9|090,1,N,0050,1|06,0000,9,1|1982-02-09T09:00:00","+0346,1","030000,1,N,9","090,1,N,0050,1","06,0000,9,1",AA1 has valid period=06h amount=0000×0.1mm
aa1_valid_precip,63250099999,1978,1982-02-09T12:00:00,"+0388,1|035000,1,N,9|070,1,N,0030,1|06,0000,9,1|1982-02-09T12:00:00","+0388,1","035000,1,N,9","070,1,N,0030,1","06,0000,9,1",AA1 has valid period=06h amount=0000×0.1mm
aa1_valid_precip,63250099999,1979,1982-02-09T15:00:00,"+0388,1|035000,1,N,9|090,1,N,0030,1|06,0000,9,1|1982-02-09T15:00:00","+0388,1","035000,1,N,9","090,1,N,0030,1","06,0000,9,1",AA1 has valid period=06h amount=0000×0.1mm
aa1_valid_precip,63250099999,1980,1982-02-10T03:00:00,"+0268,1|020000,1,N,9|999,1,C,0000,1|06,0000,9,1|1982-02-10T03:00:00","+0268,1","020000,1,N,9","999,1,C,0000,1","06,0000,9,1",AA1 has valid period=06h amount=0000×0.1mm
aa1_valid_precip,63250099999,1981,1982-02-10T05:00:00,"+0348,1|035000,1,N,9|090,1,N,0050,1|06,0000,9,1|1982-02-10T05:00:00","+0348,1","035000,1,N,9","090,1,N,0050,1","06,0000,9,1",AA1 has valid period=06h amount=0000×0.1mm
aa1_valid_precip,63250099999,1982,1982-02-10T06:00:00,"+0302,1|035000,1,N,9|080,1,N,0050,1|06,0000,9,1|1982-02-10T06:00:00","+0302,1","035000,1,N,9","080,1,N,0050,1","06,0000,9,1",AA1 has valid period=06h amount=0000×0.1mm
aa1_valid_precip,63250099999,1983,1982-02-10T09:00:00,"+0348,1|035000,1,N,9|090,1,N,0050,1|06,0000,9,1|1982-02-10T09:00:00","+0348,1","035000,1,N,9","090,1,N,0050,1","06,0000,9,1",AA1 has valid period=06h amount=0000×0.1mm
aa1_valid_precip,63250099999,1984,1982-02-10T12:00:00,"+0388,1|035000,1,N,9|090,1,N,0050,1|06,0000,9,1|1982-02-10T12:00:00","+0388,1","035000,1,N,9","090,1,N,0050,1","06,0000,9,1",AA1 has valid period=06h amount=0000×0.1mm
aa1_valid_precip,63250099999,1985,1982-02-10T15:00:00,"+0380,1|030000,1,N,9|070,1,N,0050,1|06,0000,9,1|1982-02-10T15:00:00","+0380,1","030000,1,N,9","070,1,N,0050,1","06,0000,9,1",AA1 has valid period=06h amount=0000×0.1mm
aa1_valid_precip,63250099999,1986,1982-02-11T06:00:00,"+0304,1|035000,1,N,9|090,1,N,0050,1|06,0000,9,1|1982-02-11T06:00:00","+0304,1","035000,1,N,9","090,1,N,0050,1","06,0000,9,1",AA1 has valid period=06h amount=0000×0.1mm
aa1_valid_precip,63250099999,1987,1982-02-11T09:00:00,"+0346,1|001800,1,N,9|070,1,N,0050,1|06,0000,9,1|1982-02-11T09:00:00","+0346,1","001800,1,N,9","070,1,N,0050,1","06,0000,9,1",AA1 has valid period=06h amount=0000×0.1mm
aa1_valid_precip,63250099999,1988,1982-02-12T06:00:00,"+0304,1|035000,1,N,9|070,1,N,0050,1|06,0000,9,1|1982-02-12T06:00:00","+0304,1","035000,1,N,9","070,1,N,0050,1","06,0000,9,1",AA1 has valid period=06h amount=0000×0.1mm
aa1_valid_precip,63250099999,1989,1982-02-12T09:00:00,"+0348,1|035000,1,N,9|080,1,N,0050,1|06,0000,9,1|1982-02-12T09:00:00","+0348,1","035000,1,N,9","080,1,N,0050,1","06,0000,9,1",AA1 has valid period=06h amount=0000×0.1mm
aa1_valid_precip,63250099999,1990,1982-02-12T15:00:00,"+0390,1|035000,1,N,9|070,1,N,0020,1|06,0000,9,1|1982-02-12T15:00:00","+0390,1","035000,1,N,9","070,1,N,0020,1","06,0000,9,1",AA1 has valid period=06h amount=0000×0.1mm
aa1_valid_precip,63250099999,1991,1982-02-13T03:00:00,"+0268,1|025000,1,N,9|090,1,N,0050,1|06,0000,9,1|1982-02-13T03:00:00","+0268,1","025000,1,N,9","090,1,N,0050,1","06,0000,9,1",AA1 has valid period=06h amount=0000×0.1mm
aa1_valid_precip,63250099999,1992,1982-02-13T06:00:00,"+0300,1|020000,1,N,9|080,1,N,0050,1|06,0000,9,1|1982-02-13T06:00:00","+0300,1","020000,1,N,9","080,1,N,0050,1","06,0000,9,1",AA1 has valid period=06h amount=0000×0.1mm
aa1_valid_precip,63250099999,1993,1982-02-13T12:00:00,"+9999,9|035000,1,N,9|050,1,N,0020,1|06,0000,9,1|1982-02-13T12:00:00","+9999,9","035000,1,N,9","050,1,N,0020,1","06,0000,9,1",AA1 has valid period=06h amount=0000×0.1mm
aa1_valid_precip,63250099999,1994,1982-02-13T15:00:00,"+0392,1|035000,1,N,9|070,1,N,0020,1|06,0000,9,1|1982-02-13T15:00:00","+0392,1","035000,1,N,9","070,1,N,0020,1","06,0000,9,1",AA1 has valid period=06h amount=0000×0.1mm
aa1_valid_precip,63250099999,1995,1982-02-14T06:00:00,"+0300,1|030000,1,N,9|090,1,N,0060,1|06,0000,9,1|1982-02-14T06:00:00","+0300,1","030000,1,N,9","090,1,N,0060,1","06,0000,9,1",AA1 has valid period=06h amount=0000×0.1mm
aa1_valid_precip,63250099999,1996,1982-02-14T09:00:00,"+0346,1|030000,1,N,9|060,1,N,0050,1|06,0000,9,1|1982-02-14T09:00:00","+0346,1","030000,1,N,9","060,1,N,0050,1","06,0000,9,1",AA1 has valid period=06h amount=0000×0.1mm
aa1_valid_precip,63250099999,1997,1982-02-14T12:00:00,"+0392,1|030000,1,N,9|040,1,N,0020,1|06,0000,9,1|1982-02-14T12:00:00","+0392,1","030000,1,N,9","040,1,N,0020,1","06,0000,9,1",AA1 has valid period=06h amount=0000×0.1mm
aa1_valid_precip,63250099999,1998,1982-02-14T15:00:00,"+0390,1|030000,1,N,9|090,1,N,0070,1|06,0000,9,1|1982-02-14T15:00:00","+0390,1","030000,1,N,9","090,1,N,0070,1","06,0000,9,1",AA1 has valid period=06h amount=0000×0.1mm
aa1_valid_precip,63250099999,1999,1982-02-15T06:00:00,"+0302,1|030000,1,N,9|070,1,N,0030,1|06,0000,9,1|1982-02-15T06:00:00","+0302,1","030000,1,N,9","070,1,N,0030,1","06,0000,9,1",AA1 has valid period=06h amount=0000×0.1mm
aa1_missing_sentinel,63250099999,18,1978-07-10T15:00:00,"+0290,1|020000,1,N,9|200,1,N,0051,1|99,9999,2,9|1978-07-10T15:00:00","+0290,1","020000,1,N,9","200,1,N,0051,1","99,9999,2,9",AA1 amount is 9999 (missing sentinel)
aa1_missing_sentinel,72547299999,8374,1998-03-08T11:53:00,"+9999,9|001207,1,N,1|020,1,N,0123,1|06,9999,2,9|1998-03-08T11:53:00","+9999,9","001207,1,N,1","020,1,N,0123,1","06,9999,2,9",AA1 amount is 9999 (missing sentinel)
aa1_missing_sentinel,72214904899,188987,2013-07-17T11:55:00,"+0240,5|011265,5,N,5|999,9,C,0000,5|24,9999,1,9|2013-07-17T11:55:00","+0240,5","011265,5,N,5","999,9,C,0000,5","24,9999,1,9",AA1 amount is 9999 (missing sentinel)
aa1_missing_sentinel,46737399999,536,1988-02-14T09:00:00,"+0160,1|006000,1,N,1|040,1,N,0098,1|99,9999,2,9|1988-02-14T09:00:00","+0160,1","006000,1,N,1","040,1,N,0098,1","99,9999,2,9",AA1 amount is 9999 (missing sentinel)
aa1_missing_sentinel,72344154921,195108,2013-06-05T11:55:00,"+0111,5|016093,5,N,5|330,5,N,0026,5|24,9999,1,9|2013-06-05T11:55:00","+0111,5","016093,5,N,5","330,5,N,0026,5","24,9999,1,9",AA1 amount is 9999 (missing sentinel)
aa1_missing_sentinel,55696099999,3,1975-01-01T06:00:00,"-0010,1|020000,1,N,9|200,1,N,0020,1|06,9999,2,9|1975-01-01T06:00:00","-0010,1","020000,1,N,9","200,1,N,0020,1","06,9999,2,9",AA1 amount is 9999 (missing sentinel)
aa1_missing_sentinel,63250099999,468,1979-06-07T12:00:00,"+0300,1|070000,1,N,9|180,1,N,0051,1|99,9999,9,9|1979-06-07T12:00:00","+0300,1","070000,1,N,9","180,1,N,0051,1","99,9999,9,9",AA1 amount is 9999 (missing sentinel)
aa1_missing_sentinel,72547299999,8399,1998-03-09T11:53:00,"-0100,1|006437,1,N,1|340,1,N,0118,1|24,9999,9,9|1998-03-09T11:53:00","-0100,1","006437,1,N,1","340,1,N,0118,1","24,9999,9,9",AA1 amount is 9999 (missing sentinel)
aa1_missing_sentinel,72214904899,197351,2013-11-14T11:55:00,"+0017,5|016093,5,N,5|220,5,N,0072,5|24,9999,1,9|2013-11-14T11:55:00","+0017,5","016093,5,N,5","220,5,N,0072,5","24,9999,1,9",AA1 amount is 9999 (missing sentinel)
aa1_missing_sentinel,46737399999,675,1988-02-26T02:00:00,"+0180,1|002400,1,N,1|020,1,N,0036,1|99,9999,2,9|1988-02-26T02:00:00","+0180,1","002400,1,N,1","020,1,N,0036,1","99,9999,2,9",AA1 amount is 9999 (missing sentinel)
aa1_missing_sentinel,72344154921,195661,2013-06-13T11:55:00,"+0115,5|016093,5,N,5|330,5,N,0026,5|24,9999,1,9|2013-06-13T11:55:00","+0115,5","016093,5,N,5","330,5,N,0026,5","24,9999,1,9",AA1 amount is 9999 (missing sentinel)
aa1_missing_sentinel,55696099999,32,1975-01-07T06:00:00,"-0030,1|020000,1,N,9|999,1,C,0000,1|06,9999,2,9|1975-01-07T06:00:00","-0030,1","020000,1,N,9","999,1,C,0000,1","06,9999,2,9",AA1 amount is 9999 (missing sentinel)
aa1_missing_sentinel,63250099999,483,1979-06-17T03:00:00,"+0260,1|015000,1,N,9|999,1,C,0000,1|99,9999,2,9|1979-06-17T03:00:00","+0260,1","015000,1,N,9","999,1,C,0000,1","99,9999,2,9",AA1 amount is 9999 (missing sentinel)
aa1_missing_sentinel,72547299999,8423,1998-03-10T11:53:00,"-0170,1|016093,1,N,1|310,1,N,0051,1|24,9999,9,9|1998-03-10T11:53:00","-0170,1","016093,1,N,1","310,1,N,0051,1","24,9999,9,9",AA1 amount is 9999 (missing sentinel)
aa1_missing_sentinel,72214904899,197710,2013-11-19T11:55:00,"-0028,5|016093,5,N,5|999,9,C,0000,5|24,9999,1,9|2013-11-19T11:55:00","-0028,5","016093,5,N,5","999,9,C,0000,5","24,9999,1,9",AA1 amount is 9999 (missing sentinel)
aa1_missing_sentinel,46737399999,2178,1988-06-27T09:00:00,"+0300,1|009000,1,N,1|210,1,N,0051,1|99,9999,2,9|1988-06-27T09:00:00","+0300,1","009000,1,N,1","210,1,N,0051,1","99,9999,2,9",AA1 amount is 9999 (missing sentinel)
aa1_missing_sentinel,72344154921,216942,2014-04-06T11:55:00,"+0037,5|016093,5,N,5|130,5,N,0015,5|24,9999,1,9|2014-04-06T11:55:00","+0037,5","016093,5,N,5","130,5,N,0015,5","24,9999,1,9",AA1 amount is 9999 (missing sentinel)
aa1_missing_sentinel,55696099999,35,1975-01-08T00:00:00,"-0110,1|020000,1,N,9|999,1,C,0000,1|06,9999,2,9|1975-01-08T00:00:00","-0110,1","020000,1,N,9","999,1,C,0000,1","06,9999,2,9",AA1 amount is 9999 (missing sentinel)
aa1_missing_sentinel,63250099999,484,1979-06-17T06:00:00,"+0260,1|015000,1,N,9|999,1,C,0000,1|99,9999,2,9|1979-06-17T06:00:00","+0260,1","015000,1,N,9","999,1,C,0000,1","99,9999,2,9",AA1 amount is 9999 (missing sentinel)
aa1_missing_sentinel,72547299999,8447,1998-03-11T11:53:00,"-0170,1|016093,1,N,1|330,1,N,0072,1|24,9999,9,9|1998-03-11T11:53:00","-0170,1","016093,1,N,1","330,1,N,0072,1","24,9999,9,9",AA1 amount is 9999 (missing sentinel)
aa1_missing_sentinel,72214904899,204397,2014-02-21T11:55:00,"-0015,5|011265,5,N,5|260,5,N,0139,5|24,9999,1,9|2014-02-21T11:55:00","-0015,5","011265,5,N,5","260,5,N,0139,5","24,9999,1,9",AA1 amount is 9999 (missing sentinel)
aa1_missing_sentinel,46737399999,3713,1988-11-14T22:00:00,"+0200,1|003200,1,N,1|030,1,N,0015,1|99,9999,2,9|1988-11-14T22:00:00","+0200,1","003200,1,N,1","030,1,N,0015,1","99,9999,2,9",AA1 amount is 9999 (missing sentinel)
aa1_missing_sentinel,72344154921,225375,2014-07-31T11:55:00,"+0161,5|016093,5,N,5|999,9,C,0000,5|24,9999,1,9|2014-07-31T11:55:00","+0161,5","016093,5,N,5","999,9,C,0000,5","24,9999,1,9",AA1 amount is 9999 (missing sentinel)
aa1_missing_sentinel,55696099999,70,1975-01-15T06:00:00,"-0010,1|020000,1,N,9|999,1,C,0000,1|06,9999,2,9|1975-01-15T06:00:00","-0010,1","020000,1,N,9","999,1,C,0000,1","06,9999,2,9",AA1 amount is 9999 (missing sentinel)
aa1_missing_sentinel,63250099999,933,1980-08-29T15:00:00,"+0280,1|030000,1,N,9|170,1,N,0051,1|99,9999,2,9|1980-08-29T15:00:00","+0280,1","030000,1,N,9","170,1,N,0051,1","99,9999,2,9",AA1 amount is 9999 (missing sentinel)
mixed_validity,63250099999,3,1978-07-01T09:00:00,"+9999,9|020000,1,N,9|240,1,N,0062,1||1978-07-01T09:00:00","+9999,9","020000,1,N,9","240,1,N,0062,1",,"Mixed validity — valid: VIS,WND_speed | sentinel: TMP"
mixed_validity,72547299999,344,1997-02-25T04:53:00,"+9999,9|016093,1,N,1|170,1,N,0021,1||1997-02-25T04:53:00","+9999,9","016093,1,N,1","170,1,N,0021,1",,"Mixed validity — valid: VIS,WND_speed | sentinel: TMP"
mixed_validity,63250099999,9,1978-07-05T12:00:00,"+0290,1|020000,1,N,9|999,9,9,9999,9||1978-07-05T12:00:00","+0290,1","020000,1,N,9","999,9,9,9999,9",,"Mixed validity — valid: TMP,VIS | sentinel: WND_speed"
mixed_validity,72547299999,345,1997-02-25T05:53:00,"+9999,9|016093,1,N,1|190,1,N,0031,1||1997-02-25T05:53:00","+9999,9","016093,1,N,1","190,1,N,0031,1",,"Mixed validity — valid: VIS,WND_speed | sentinel: TMP"
mixed_validity,63250099999,15,1978-07-09T06:00:00,"+9999,9|020000,1,N,9|220,1,N,0051,1||1978-07-09T06:00:00","+9999,9","020000,1,N,9","220,1,N,0051,1",,"Mixed validity — valid: VIS,WND_speed | sentinel: TMP"
mixed_validity,72547299999,346,1997-02-25T06:53:00,"+9999,9|016093,1,N,1|210,1,N,0031,1||1997-02-25T06:53:00","+9999,9","016093,1,N,1","210,1,N,0031,1",,"Mixed validity — valid: VIS,WND_speed | sentinel: TMP"
mixed_validity,63250099999,20,1978-07-13T06:00:00,"+9999,9|025000,1,N,9|140,1,N,0031,1||1978-07-13T06:00:00","+9999,9","025000,1,N,9","140,1,N,0031,1",,"Mixed validity — valid: VIS,WND_speed | sentinel: TMP"
mixed_validity,72547299999,347,1997-02-25T07:53:00,"+9999,9|016093,1,N,1|210,1,N,0046,1||1997-02-25T07:53:00","+9999,9","016093,1,N,1","210,1,N,0046,1",,"Mixed validity — valid: VIS,WND_speed | sentinel: TMP"
mixed_validity,63250099999,23,1978-07-14T12:00:00,"+0280,1|025000,1,N,9|999,9,9,9999,9||1978-07-14T12:00:00","+0280,1","025000,1,N,9","999,9,9,9999,9",,"Mixed validity — valid: TMP,VIS | sentinel: WND_speed"
mixed_validity,72547299999,348,1997-02-25T08:53:00,"+9999,9|016093,1,N,1|210,1,N,0046,1||1997-02-25T08:53:00","+9999,9","016093,1,N,1","210,1,N,0046,1",,"Mixed validity — valid: VIS,WND_speed | sentinel: TMP"
mixed_validity,63250099999,29,1978-07-22T03:00:00,"+9999,9|010000,1,N,9|999,1,C,0000,1||1978-07-22T03:00:00","+9999,9","010000,1,N,9","999,1,C,0000,1",,"Mixed validity — valid: VIS,WND_speed | sentinel: TMP"
mixed_validity,72547299999,349,1997-02-25T09:53:00,"+9999,9|016093,1,N,1|210,1,N,0031,1||1997-02-25T09:53:00","+9999,9","016093,1,N,1","210,1,N,0031,1",,"Mixed validity — valid: VIS,WND_speed | sentinel: TMP"
mixed_validity,63250099999,37,1978-07-30T06:00:00,"+0270,1|025000,1,N,9|999,9,9,9999,9||1978-07-30T06:00:00","+0270,1","025000,1,N,9","999,9,9,9999,9",,"Mixed validity — valid: TMP,VIS | sentinel: WND_speed"
mixed_validity,72547299999,350,1997-02-25T10:53:00,"+9999,9|016093,1,N,1|200,1,N,0031,1||1997-02-25T10:53:00","+9999,9","016093,1,N,1","200,1,N,0031,1",,"Mixed validity — valid: VIS,WND_speed | sentinel: TMP"
mixed_validity,63250099999,46,1978-08-09T06:00:00,"+9999,9|030000,1,N,9|180,1,N,0062,1||1978-08-09T06:00:00","+9999,9","030000,1,N,9","180,1,N,0062,1",,"Mixed validity — valid: VIS,WND_speed | sentinel: TMP"
mixed_validity,72547299999,351,1997-02-25T11:53:00,"+9999,9|016093,1,N,1|210,1,N,0021,1||1997-02-25T11:53:00","+9999,9","016093,1,N,1","210,1,N,0021,1",,"Mixed validity — valid: VIS,WND_speed | sentinel: TMP"
mixed_validity,63250099999,50,1978-08-12T09:00:00,"+0300,1|030000,1,N,9|999,9,9,9999,9||1978-08-12T09:00:00","+0300,1","030000,1,N,9","999,9,9,9999,9",,"Mixed validity — valid: TMP,VIS | sentinel: WND_speed"
mixed_validity,72547299999,352,1997-02-25T12:53:00,"+9999,9|014484,1,N,1|200,1,N,0041,1||1997-02-25T12:53:00","+9999,9","014484,1,N,1","200,1,N,0041,1",,"Mixed validity — valid: VIS,WND_speed | sentinel: TMP"
mixed_validity,63250099999,58,1978-08-18T06:00:00,"+0280,1|999999,9,N,9|160,1,N,0041,1||1978-08-18T06:00:00","+0280,1","999999,9,N,9","160,1,N,0041,1",,"Mixed validity — valid: TMP,WND_speed | sentinel: VIS"
mixed_validity,72547299999,353,1997-02-25T13:53:00,"+9999,9|014484,1,N,1|220,1,N,0057,1||1997-02-25T13:53:00","+9999,9","014484,1,N,1","220,1,N,0057,1",,"Mixed validity — valid: VIS,WND_speed | sentinel: TMP"
mixed_validity,63250099999,68,1978-08-21T06:00:00,"+9999,9|030000,1,N,9|180,1,N,0051,1||1978-08-21T06:00:00","+9999,9","030000,1,N,9","180,1,N,0051,1",,"Mixed validity — valid: VIS,WND_speed | sentinel: TMP"
mixed_validity,72547299999,354,1997-02-25T14:53:00,"+9999,9|016093,1,N,1|220,1,N,0067,1||1997-02-25T14:53:00","+9999,9","016093,1,N,1","220,1,N,0067,1",,"Mixed validity — valid: VIS,WND_speed | sentinel: TMP"
mixed_validity,63250099999,79,1978-08-27T12:00:00,"+0300,1|999999,9,N,9|190,1,N,0072,1||1978-08-27T12:00:00","+0300,1","999999,9,N,9","190,1,N,0072,1",,"Mixed validity — valid: TMP,WND_speed | sentinel: VIS"
mixed_validity,72547299999,2411,1997-06-14T00:53:00,"+0250,1|999999,9,N,9|999,9,9,9999,9||1997-06-14T00:53:00","+0250,1","999999,9,N,9","999,9,9,9999,9",,"Mixed validity — valid: TMP | sentinel: VIS,WND_speed"
mixed_validity,63250099999,85,1978-09-02T06:00:00,"+0280,1|030000,1,N,9|999,9,9,9999,9||1978-09-02T06:00:00","+0280,1","030000,1,N,9","999,9,9,9999,9",,"Mixed validity — valid: TMP,VIS | sentinel: WND_speed"
multi_family_informative,63250099999,14,1978-07-08T15:00:00,"+0280,1|020000,1,N,9|240,1,N,0051,1|99,0000,9,1|1978-07-08T15:00:00","+0280,1","020000,1,N,9","240,1,N,0051,1","99,0000,9,1","All four families populated: TMP, VIS, WND, AA1"
multi_family_informative,63250099999,18,1978-07-10T15:00:00,"+0290,1|020000,1,N,9|200,1,N,0051,1|99,9999,2,9|1978-07-10T15:00:00","+0290,1","020000,1,N,9","200,1,N,0051,1","99,9999,2,9","All four families populated: TMP, VIS, WND, AA1"
multi_family_informative,63250099999,52,1978-08-13T03:00:00,"+0260,1|010000,1,N,9|999,1,C,0000,1|99,0000,9,1|1978-08-13T03:00:00","+0260,1","010000,1,N,9","999,1,C,0000,1","99,0000,9,1","All four families populated: TMP, VIS, WND, AA1"
multi_family_informative,63250099999,60,1978-08-18T15:00:00,"+0290,1|030000,1,N,9|190,1,N,0062,1|99,0000,9,1|1978-08-18T15:00:00","+0290,1","030000,1,N,9","190,1,N,0062,1","99,0000,9,1","All four families populated: TMP, VIS, WND, AA1"
multi_family_informative,63250099999,61,1978-08-19T03:00:00,"+0260,1|010000,1,N,9|999,1,C,0000,1|99,0000,9,1|1978-08-19T03:00:00","+0260,1","010000,1,N,9","999,1,C,0000,1","99,0000,9,1","All four families populated: TMP, VIS, WND, AA1"
multi_family_informative,63250099999,63,1978-08-20T03:00:00,"+0260,1|010000,1,N,9|999,1,C,0000,1|99,0000,9,1|1978-08-20T03:00:00","+0260,1","010000,1,N,9","999,1,C,0000,1","99,0000,9,1","All four families populated: TMP, VIS, WND, AA1"
multi_family_informative,63250099999,73,1978-08-24T15:00:00,"+0260,1|030000,1,N,9|210,1,N,0093,1|99,0000,9,1|1978-08-24T15:00:00","+0260,1","030000,1,N,9","210,1,N,0093,1","99,0000,9,1","All four families populated: TMP, VIS, WND, AA1"
multi_family_informative,63250099999,116,1978-09-24T15:00:00,"+0290,1|030000,1,N,9|160,1,N,0051,1|99,0000,9,1|1978-09-24T15:00:00","+0290,1","030000,1,N,9","160,1,N,0051,1","99,0000,9,1","All four families populated: TMP, VIS, WND, AA1"
multi_family_informative,63250099999,125,1978-10-08T03:00:00,"+0260,1|020000,1,N,9|999,1,C,0000,1|99,0000,9,1|1978-10-08T03:00:00","+0260,1","020000,1,N,9","999,1,C,0000,1","99,0000,9,1","All four families populated: TMP, VIS, WND, AA1"
multi_family_informative,63250099999,132,1978-10-14T03:00:00,"+0260,1|020000,1,N,9|999,1,C,0000,1|99,0000,9,1|1978-10-14T03:00:00","+0260,1","020000,1,N,9","999,1,C,0000,1","99,0000,9,1","All four families populated: TMP, VIS, WND, AA1"
multi_family_informative,63250099999,146,1978-10-22T03:00:00,"+0260,1|010000,1,N,9|999,1,C,0000,1|99,0000,9,1|1978-10-22T03:00:00","+0260,1","010000,1,N,9","999,1,C,0000,1","99,0000,9,1","All four families populated: TMP, VIS, WND, AA1"
multi_family_informative,63250099999,163,1978-11-02T15:00:00,"+0260,1|020000,1,N,9|999,1,V,0031,1|99,0010,9,1|1978-11-02T15:00:00","+0260,1","020000,1,N,9","999,1,V,0031,1","99,0010,9,1","All four families populated: TMP, VIS, WND, AA1"
multi_family_informative,63250099999,168,1978-11-06T03:00:00,"+0260,1|010000,1,N,9|999,1,C,0000,1|99,0000,9,1|1978-11-06T03:00:00","+0260,1","010000,1,N,9","999,1,C,0000,1","99,0000,9,1","All four families populated: TMP, VIS, WND, AA1"
multi_family_informative,63250099999,169,1978-11-06T06:00:00,"+0260,1|010000,1,N,9|999,1,C,0000,1|99,0000,9,1|1978-11-06T06:00:00","+0260,1","010000,1,N,9","999,1,C,0000,1","99,0000,9,1","All four families populated: TMP, VIS, WND, AA1"
multi_family_informative,63250099999,187,1978-11-16T03:00:00,"+0270,1|020000,1,N,9|999,1,C,0000,1|99,0000,9,1|1978-11-16T03:00:00","+0270,1","020000,1,N,9","999,1,C,0000,1","99,0000,9,1","All four families populated: TMP, VIS, WND, AA1"
multi_family_informative,63250099999,191,1978-11-17T03:00:00,"+0260,1|020000,1,N,9|999,1,C,0000,1|99,0000,9,1|1978-11-17T03:00:00","+0260,1","020000,1,N,9","999,1,C,0000,1","99,0000,9,1","All four families populated: TMP, VIS, WND, AA1"
multi_family_informative,63250099999,197,1978-11-20T03:00:00,"+0260,1|010000,1,N,9|999,1,C,0000,1|99,0000,9,1|1978-11-20T03:00:00","+0260,1","010000,1,N,9","999,1,C,0000,1","99,0000,9,1","All four families populated: TMP, VIS, WND, AA1"
multi_family_informative,63250099999,208,1978-11-25T15:00:00,"+0290,1|030000,1,N,9|140,1,N,0051,1|99,0000,9,1|1978-11-25T15:00:00","+0290,1","030000,1,N,9","140,1,N,0051,1","99,0000,9,1","All four families populated: TMP, VIS, WND, AA1"
multi_family_informative,63250099999,224,1978-12-06T15:00:00,"+0310,1|030000,1,N,9|100,1,N,0015,1|99,0000,9,1|1978-12-06T15:00:00","+0310,1","030000,1,N,9","100,1,N,0015,1","99,0000,9,1","All four families populated: TMP, VIS, WND, AA1"
multi_family_informative,63250099999,227,1978-12-07T15:00:00,"+0290,1|030000,1,N,9|100,1,N,0051,1|99,0000,9,1|1978-12-07T15:00:00","+0290,1","030000,1,N,9","100,1,N,0051,1","99,0000,9,1","All four families populated: TMP, VIS, WND, AA1"
multi_family_informative,63250099999,228,1978-12-08T03:00:00,"+0260,1|020000,1,N,9|999,1,C,0000,1|99,0000,9,1|1978-12-08T03:00:00","+0260,1","020000,1,N,9","999,1,C,0000,1","99,0000,9,1","All four families populated: TMP, VIS, WND, AA1"
multi_family_informative,63250099999,237,1978-12-10T15:00:00,"+0300,1|030000,1,N,9|090,1,N,0051,1|99,0000,9,1|1978-12-10T15:00:00","+0300,1","030000,1,N,9","090,1,N,0051,1","99,0000,9,1","All four families populated: TMP, VIS, WND, AA1"
multi_family_informative,63250099999,238,1978-12-11T03:00:00,"+0260,1|010000,1,N,9|999,1,C,0000,1|99,0000,9,1|1978-12-11T03:00:00","+0260,1","010000,1,N,9","999,1,C,0000,1","99,0000,9,1","All four families populated: TMP, VIS, WND, AA1"
multi_family_informative,63250099999,239,1978-12-11T15:00:00,"+0290,1|999999,9,N,9|090,1,N,0051,1|99,0000,9,1|1978-12-11T15:00:00","+0290,1","999999,9,N,9","090,1,N,0051,1","99,0000,9,1","All four families populated: TMP, VIS, WND, AA1"
multi_family_informative,63250099999,241,1978-12-12T15:00:00,"+0310,1|030000,1,N,9|999,1,C,0000,1|99,0000,9,1|1978-12-12T15:00:00","+0310,1","030000,1,N,9","999,1,C,0000,1","99,0000,9,1","All four families populated: TMP, VIS, WND, AA1"
