example_id,station_id,datetime,noaa_source_url,noaa_csv_line_number,field_families,rule_behaviors,patterns,provenance_status,selection_reason,tmp_value,vis_value,wnd_value,aa1_value,raw_row
CE01,55696099999,1975-01-15T06:00:00,https://www.ncei.noaa.gov/data/global-hourly/access/1975/55696099999.csv,70,TMP | VIS | WND | AA1,aa1_amount_sentinel | calm_wind_context | four_family_context | valid_wind_speed_with_missing_direction,aa1_missing_sentinel,NOAA station-year source URL and CSV line number recorded; upstream checksum not recorded,"AA1 precipitation amount sentinel; precipitation amount sentinel is nullified while QC/context remain inspectable; calm wind type code changes how direction 999 is interpreted; TMP, VIS, WND, and AA1 appear together for cross-field inspection; wind speed remains usable when direction context is non-directional","-0010,1","020000,1,N,9","999,1,C,0000,1","06,9999,2,9","-0010,1|020000,1,N,9|999,1,C,0000,1|06,9999,2,9|1975-01-15T06:00:00"
CE02,63250099999,1978-07-10T15:00:00,https://www.ncei.noaa.gov/data/global-hourly/access/1978/63250099999.csv,18,TMP | VIS | WND | AA1,aa1_amount_sentinel | aa1_period_sentinel | four_family_context,aa1_missing_sentinel | multi_family_informative,NOAA station-year source URL and CSV line number recorded; upstream checksum not recorded,"AA1 precipitation amount sentinel; multi-family row context; precipitation amount sentinel is nullified while QC/context remain inspectable; precipitation period sentinel is handled independently from amount; TMP, VIS, WND, and AA1 appear together for cross-field inspection","+0290,1","020000,1,N,9","200,1,N,0051,1","99,9999,2,9","+0290,1|020000,1,N,9|200,1,N,0051,1|99,9999,2,9|1978-07-10T15:00:00"
CE03,63250099999,1978-07-22T03:00:00,https://www.ncei.noaa.gov/data/global-hourly/access/1978/63250099999.csv,29,TMP | VIS | WND,calm_wind_context | mixed_validity | tmp_missing_sentinel | valid_wind_speed_with_missing_direction,mixed_validity | tmp_missing_sentinel | wnd_missing_dir_valid_spd,NOAA station-year source URL and CSV line number recorded; upstream checksum not recorded,mixed valid and nullified fields; TMP documented missing sentinel; WND direction context with valid speed; calm wind type code changes how direction 999 is interpreted; valid fields are preserved while sentinel fields are nullified; temperature sentinel +9999/9999 is nullified; wind speed remains usable when direction context is non-directional,"+9999,9","010000,1,N,9","999,1,C,0000,1",,"+9999,9|010000,1,N,9|999,1,C,0000,1||1978-07-22T03:00:00"
CE04,63250099999,1978-08-20T03:00:00,https://www.ncei.noaa.gov/data/global-hourly/access/1978/63250099999.csv,63,TMP | VIS | WND | AA1,aa1_period_sentinel | calm_wind_context | four_family_context | valid_precip_zero | valid_wind_speed_with_missing_direction,multi_family_informative | wnd_missing_dir_valid_spd,NOAA station-year source URL and CSV line number recorded; upstream checksum not recorded,"multi-family row context; WND direction context with valid speed; precipitation period sentinel is handled independently from amount; calm wind type code changes how direction 999 is interpreted; TMP, VIS, WND, and AA1 appear together for cross-field inspection; AA1 amount 0000 is preserved as a real zero, not a missing value; wind speed remains usable when direction context is non-directional","+0260,1","010000,1,N,9","999,1,C,0000,1","99,0000,9,1","+0260,1|010000,1,N,9|999,1,C,0000,1|99,0000,9,1|1978-08-20T03:00:00"
CE05,63250099999,1978-09-02T06:00:00,https://www.ncei.noaa.gov/data/global-hourly/access/1978/63250099999.csv,85,TMP | VIS | WND,mixed_validity | wnd_fully_missing,mixed_validity | wnd_fully_missing,NOAA station-year source URL and CSV line number recorded; upstream checksum not recorded,mixed valid and nullified fields; WND fully missing token; valid fields are preserved while sentinel fields are nullified; fully missing wind token is nullified without dropping the row,"+0280,1","030000,1,N,9","999,9,9,9999,9",,"+0280,1|030000,1,N,9|999,9,9,9999,9||1978-09-02T06:00:00"
CE06,63250099999,1978-12-11T15:00:00,https://www.ncei.noaa.gov/data/global-hourly/access/1978/63250099999.csv,239,TMP | VIS | WND | AA1,aa1_period_sentinel | four_family_context | valid_precip_zero | vis_missing_sentinel,multi_family_informative | vis_missing_sentinel,NOAA station-year source URL and CSV line number recorded; upstream checksum not recorded,"multi-family row context; VIS documented missing sentinel; precipitation period sentinel is handled independently from amount; TMP, VIS, WND, and AA1 appear together for cross-field inspection; AA1 amount 0000 is preserved as a real zero, not a missing value; visibility sentinel 999999 is nullified","+0290,1","999999,9,N,9","090,1,N,0051,1","99,0000,9,1","+0290,1|999999,9,N,9|090,1,N,0051,1|99,0000,9,1|1978-12-11T15:00:00"
CE07,63250099999,1978-12-30T15:00:00,https://www.ncei.noaa.gov/data/global-hourly/access/1978/63250099999.csv,269,TMP | VIS | WND | AA1,aa1_period_sentinel | four_family_context | tmp_missing_sentinel | valid_precip_zero,tmp_missing_sentinel,NOAA station-year source URL and CSV line number recorded; upstream checksum not recorded,"TMP documented missing sentinel; precipitation period sentinel is handled independently from amount; TMP, VIS, WND, and AA1 appear together for cross-field inspection; temperature sentinel +9999/9999 is nullified; AA1 amount 0000 is preserved as a real zero, not a missing value","+9999,9","035000,1,N,9","050,1,N,0031,1","99,0000,9,1","+9999,9|035000,1,N,9|050,1,N,0031,1|99,0000,9,1|1978-12-30T15:00:00"
CE08,63250099999,1982-02-10T03:00:00,https://www.ncei.noaa.gov/data/global-hourly/access/1982/63250099999.csv,112,TMP | VIS | WND | AA1,calm_wind_context | four_family_context | valid_precip_zero | valid_wind_speed_with_missing_direction,aa1_valid_precip,NOAA station-year source URL and CSV line number recorded; upstream checksum not recorded,"valid AA1 precipitation amount; calm wind type code changes how direction 999 is interpreted; TMP, VIS, WND, and AA1 appear together for cross-field inspection; AA1 amount 0000 is preserved as a real zero, not a missing value; wind speed remains usable when direction context is non-directional","+0268,1","020000,1,N,9","999,1,C,0000,1","06,0000,9,1","+0268,1|020000,1,N,9|999,1,C,0000,1|06,0000,9,1|1982-02-10T03:00:00"
CE09,46737399999,1988-11-14T22:00:00,https://www.ncei.noaa.gov/data/global-hourly/access/1988/46737399999.csv,3713,TMP | VIS | WND | AA1,aa1_amount_sentinel | aa1_period_sentinel | four_family_context,aa1_missing_sentinel,NOAA station-year source URL and CSV line number recorded; upstream checksum not recorded,"AA1 precipitation amount sentinel; precipitation amount sentinel is nullified while QC/context remain inspectable; precipitation period sentinel is handled independently from amount; TMP, VIS, WND, and AA1 appear together for cross-field inspection","+0200,1","003200,1,N,1","030,1,N,0015,1","99,9999,2,9","+0200,1|003200,1,N,1|030,1,N,0015,1|99,9999,2,9|1988-11-14T22:00:00"
CE10,72547299999,1997-02-13T12:53:00,https://www.ncei.noaa.gov/data/global-hourly/access/1997/72547299999.csv,80,TMP | VIS | WND,calm_wind_context | valid_wind_speed_with_missing_direction,wnd_missing_dir_valid_spd,NOAA station-year source URL and CSV line number recorded; upstream checksum not recorded,WND direction context with valid speed; calm wind type code changes how direction 999 is interpreted; wind speed remains usable when direction context is non-directional,"-0180,1","008046,1,N,1","999,1,C,0000,1",,"-0180,1|008046,1,N,1|999,1,C,0000,1||1997-02-13T12:53:00"
CE11,72547299999,1997-02-25T14:53:00,https://www.ncei.noaa.gov/data/global-hourly/access/1997/72547299999.csv,354,TMP | VIS | WND,mixed_validity | tmp_missing_sentinel,mixed_validity | tmp_missing_sentinel,NOAA station-year source URL and CSV line number recorded; upstream checksum not recorded,mixed valid and nullified fields; TMP documented missing sentinel; valid fields are preserved while sentinel fields are nullified; temperature sentinel +9999/9999 is nullified,"+9999,9","016093,1,N,1","220,1,N,0067,1",,"+9999,9|016093,1,N,1|220,1,N,0067,1||1997-02-25T14:53:00"
CE12,72547299999,1997-06-11T13:53:00,https://www.ncei.noaa.gov/data/global-hourly/access/1997/72547299999.csv,2358,TMP | VIS | WND,tmp_missing_sentinel | vis_missing_sentinel | wnd_fully_missing,tmp_missing_sentinel | vis_missing_sentinel | wnd_fully_missing,NOAA station-year source URL and CSV line number recorded; upstream checksum not recorded,TMP documented missing sentinel; VIS documented missing sentinel; WND fully missing token; temperature sentinel +9999/9999 is nullified; visibility sentinel 999999 is nullified; fully missing wind token is nullified without dropping the row,"+9999,9","999999,9,N,9","999,9,9,9999,9",,"+9999,9|999999,9,N,9|999,9,9,9999,9||1997-06-11T13:53:00"
CE13,72547299999,1997-06-14T00:53:00,https://www.ncei.noaa.gov/data/global-hourly/access/1997/72547299999.csv,2411,TMP | VIS | WND,mixed_validity | vis_missing_sentinel | wnd_fully_missing,mixed_validity | vis_missing_sentinel | wnd_fully_missing,NOAA station-year source URL and CSV line number recorded; upstream checksum not recorded,mixed valid and nullified fields; VIS documented missing sentinel; WND fully missing token; valid fields are preserved while sentinel fields are nullified; visibility sentinel 999999 is nullified; fully missing wind token is nullified without dropping the row,"+0250,1","999999,9,N,9","999,9,9,9999,9",,"+0250,1|999999,9,N,9|999,9,9,9999,9||1997-06-14T00:53:00"
CE14,72547299999,1998-04-22T17:53:00,https://www.ncei.noaa.gov/data/global-hourly/access/1998/72547299999.csv,2608,TMP | VIS | WND | AA1,four_family_context | valid_precip_zero | vis_missing_sentinel | wnd_fully_missing,vis_missing_sentinel | wnd_fully_missing,NOAA station-year source URL and CSV line number recorded; upstream checksum not recorded,"VIS documented missing sentinel; WND fully missing token; TMP, VIS, WND, and AA1 appear together for cross-field inspection; AA1 amount 0000 is preserved as a real zero, not a missing value; visibility sentinel 999999 is nullified; fully missing wind token is nullified without dropping the row","+0180,1","999999,9,N,9","999,9,9,9999,9","06,0000,9,1","+0180,1|999999,9,N,9|999,9,9,9999,9|06,0000,9,1|1998-04-22T17:53:00"
CE15,72547299999,1998-04-23T17:53:00,https://www.ncei.noaa.gov/data/global-hourly/access/1998/72547299999.csv,2632,TMP | VIS | WND | AA1,four_family_context | valid_precip_zero | vis_missing_sentinel,vis_missing_sentinel,NOAA station-year source URL and CSV line number recorded; upstream checksum not recorded,"VIS documented missing sentinel; TMP, VIS, WND, and AA1 appear together for cross-field inspection; AA1 amount 0000 is preserved as a real zero, not a missing value; visibility sentinel 999999 is nullified","+0210,1","999999,9,N,9","280,1,N,0041,1","06,0000,9,1","+0210,1|999999,9,N,9|280,1,N,0041,1|06,0000,9,1|1998-04-23T17:53:00"
CE16,72214904899,2006-01-11T05:59:00,https://www.ncei.noaa.gov/data/global-hourly/access/2006/72214904899.csv,733,TMP | VIS | WND,tmp_missing_sentinel | vis_missing_sentinel | wnd_fully_missing,vis_missing_sentinel,NOAA station-year source URL and CSV line number recorded; upstream checksum not recorded,VIS documented missing sentinel; temperature sentinel +9999/9999 is nullified; visibility sentinel 999999 is nullified; fully missing wind token is nullified without dropping the row,"+9999,9","999999,9,9,9","999,9,9,9999,9",,"+9999,9|999999,9,9,9|999,9,9,9999,9||2006-01-11T05:59:00"
CE17,72214904899,2014-02-21T11:55:00,https://www.ncei.noaa.gov/data/global-hourly/access/2014/72214904899.csv,3616,TMP | VIS | WND | AA1,aa1_amount_sentinel | estimated_qc_preserved | four_family_context,aa1_missing_sentinel,NOAA station-year source URL and CSV line number recorded; upstream checksum not recorded,"AA1 precipitation amount sentinel; precipitation amount sentinel is nullified while QC/context remain inspectable; estimated NOAA QC code remains visible; TMP, VIS, WND, and AA1 appear together for cross-field inspection","-0015,5","011265,5,N,5","260,5,N,0139,5","24,9999,1,9","-0015,5|011265,5,N,5|260,5,N,0139,5|24,9999,1,9|2014-02-21T11:55:00"
CE18,72344154921,2014-07-31T11:55:00,https://www.ncei.noaa.gov/data/global-hourly/access/2014/72344154921.csv,15253,TMP | VIS | WND | AA1,aa1_amount_sentinel | calm_wind_context | estimated_qc_preserved | four_family_context | valid_wind_speed_with_missing_direction,aa1_missing_sentinel,NOAA station-year source URL and CSV line number recorded; upstream checksum not recorded,"AA1 precipitation amount sentinel; precipitation amount sentinel is nullified while QC/context remain inspectable; calm wind type code changes how direction 999 is interpreted; estimated NOAA QC code remains visible; TMP, VIS, WND, and AA1 appear together for cross-field inspection; wind speed remains usable when direction context is non-directional","+0161,5","016093,5,N,5","999,9,C,0000,5","24,9999,1,9","+0161,5|016093,5,N,5|999,9,C,0000,5|24,9999,1,9|2014-07-31T11:55:00"
